<profile version="1.0">
  <option name="myName" value="Default" />
  <inspection_tool class="PyPackageRequirementsInspection" enabled="true" level="WARNING" enabled_by_default="true">
    <option name="ignoredPackages">
      <value>
        <list size="15">
          <item index="0" class="java.lang.String" itemvalue="pyyaml" />
          <item index="1" class="java.lang.String" itemvalue="tornado" />
          <item index="2" class="java.lang.String" itemvalue="sentry-sdk" />
          <item index="3" class="java.lang.String" itemvalue="cacheout" />
          <item index="4" class="java.lang.String" itemvalue="defusedxml" />
          <item index="5" class="java.lang.String" itemvalue="grpcio" />
          <item index="6" class="java.lang.String" itemvalue="requests" />
          <item index="7" class="java.lang.String" itemvalue="grpcio-tools" />
          <item index="8" class="java.lang.String" itemvalue="rospkg" />
          <item index="9" class="java.lang.String" itemvalue="catkin-tools" />
          <item index="10" class="java.lang.String" itemvalue="psutil" />
          <item index="11" class="java.lang.String" itemvalue="scipy" />
          <item index="12" class="java.lang.String" itemvalue="pyzmq" />
          <item index="13" class="java.lang.String" itemvalue="protobuf" />
          <item index="14" class="java.lang.String" itemvalue="PyYAML" />
        </list>
      </value>
    </option>
  </inspection_tool>
</profile>